,precision,recall,f1-score,support
1,0.24555160142348753,0.2518248175182482,0.24864864864864866,274.0
2,0.20930232558139536,0.19852941176470587,0.2037735849056604,272.0
3,0.23465703971119134,0.2195945945945946,0.2268760907504363,296.0
4,0.24620060790273557,0.24846625766871167,0.24732824427480915,326.0
5,0.16610169491525423,0.1801470588235294,0.1728395061728395,272.0
accuracy,0.22083333333333333,0.22083333333333333,0.22083333333333333,0.22083333333333333
macro avg,0.2203626539068128,0.21971242807395797,0.2198932149504788,1440.0
weighted avg,0.22160480159439494,0.22083333333333333,0.22107834791583236,1440.0
