,precision,recall,f1-score,support
1,0.24429967426710097,0.2737226277372263,0.25817555938037867,274.0
2,0.2196969696969697,0.21323529411764705,0.21641791044776118,272.0
3,0.22382671480144403,0.20945945945945946,0.2164048865619546,296.0
4,0.26013513513513514,0.2361963190184049,0.24758842443729903,326.0
5,0.19594594594594594,0.21323529411764705,0.20422535211267606,272.0
accuracy,0.22916666666666666,0.22916666666666666,0.22916666666666666,0.22916666666666666
macro avg,0.2287808879693191,0.22916979889007694,0.2285624265880139,1440.0
weighted avg,0.22989565655509736,0.22916666666666666,0.22911440519136161,1440.0
